{"0": {"precision": 0.8422018348623853, "recall": 0.8869565217391304, "f1-score": 0.864, "support": 1035.0}, "1": {"precision": 0.6332288401253918, "recall": 0.5401069518716578, "f1-score": 0.5829725829725829, "support": 374.0}, "accuracy": 0.794889992902768, "macro avg": {"precision": 0.7377153374938885, "recall": 0.7135317368053942, "f1-score": 0.7234862914862914, "support": 1409.0}, "weighted avg": {"precision": 0.7867327787717995, "recall": 0.794889992902768, "f1-score": 0.7894050717045749, "support": 1409.0}}